nome_produto;preco
Ração Úmida para Gatos Friskies Adultos Sabor Cordeiro ao...;R$4,59
Tapete Higiênico Tico Pads para Cães com 30 Unidades;R$38,29
Seniox 500 Ômega 3 Para Cães e Gatos Uso Veterinário com ...;R$44,89
Seniox 1000 Ômega 3 Para Cães e Gatos Uso Veterinário com...;R$72,29
Ração para Cão Magnus Todo Dia Raçãs Pequenas sabor Carne...;R$52,49
Ograx Derme 20 para Cães e Gatos 30 Cápsulas Gelatinosas;R$112,89
Oxcell 1000 para Cães e Gatos com 30 Cápsulas;R$84,29
NexGard Contra Pulgas e Carrapatos para Cães de 10,1 a 25...;R$152,39
Fralda para Cães Supersecão Descartáveis Fêmeas Tamanho P...;R$25,09
Shampoo Dermogen de Uso Frequente para Cães e Gatos 500ml;R$84,99
Fralda para Cães Fêmeas Super Secão Tamanho M com 12 Unid...;R$31,09
Pá Higiênica Pet Injet Cara de Gato Prata Pequena;R$3,29
NexGard Combo para Gatos de 2,5kg a 7,5kg Solução Tópica ...;R$45,69
Fralda para Cães Supersecão Descartáveis Machos Tamanho M...;R$31,49
Tapete Higiênico para Cães Baby Pads com 30 Unidades;R$59,99
Ketojet 20mg para Cães e Gatos Uso Veterinário com 10 Com...;R$35,89
Fralda para Cães Machos Super Secão Tamanho P com 12 Unid...;R$29,39
Shampoo Cloresten Antifúngico e Antibacteriano Dr. Clean ...;R$69,89
Areia Higiênica Absorcat Colosso para Gato 4kg;R$10,49
Ração para Cães Dog Chow Extra Life Filhotes Minis e Pequ...;R$14,39
Snacks Biscoito Mini Quatree Crock para Cães Adultos Raça...;R$11,39
Queranon Small Size para Cães e Gatos Uso Veterinário 30 ...;R$38,39
Fralda para Cães Fêmeas Super Secão Tamanho P com 12 Unid...;R$29,39
Areia Higiênica Pipicat Bianco para Gato com 1,8kg;R$17,39
Ração para Cães Dog Chow Extra Life Filhotes Minis e Pequ...;R$33,89
Fralda para Cães Supersecão Descartáveis Machos Tamanho G...;R$34,89
Ração para Cães Pedigree Adultos Lata Sabor Frango ao Mol...;R$6,79
Queranon para Cães Uso Veterinário 30 Cápsulas;R$53,99
Comedouro Pet Injet Pata Filhote Rosa 300ml;R$3,39
Fralda para Cães Supersecão Descartáveis Fêmeas Tamanho G...;R$38,09
Ração para Gatos Whiskas Adulto Salmão 900g;R$20,99
Brinquedo Veterinário Pet Injet Play Graveto Marron;R$10,19
Comedouro Pet Injet Anti-Formigas Gato Lilás;R$5,49
Escova Dental Oral B Pro Média Cores Sortidas 1 Unidade;R$2,69
Drontal Plus 2.718mg Carne Vermicida para Cães Uso Veteri...;R$71,99
Brinquedo Veterinário Pet Injet Play Halter Azul;R$8,59
Comedouro Pet Injet Pata Filhote Azul 300ml;R$3,39
Condicionador Episoothe para Cães e Gatos 250ml;R$172,99
Ração Colosso Premium Carne e Arroz 2kg;R$23,99
Comedouro Pet Injet Patinhas Raça Pequeno Vermelho 600ml;R$4,99
Dispenser Ração Pets Sanremo Plástico Azul 1 Unidade;R$10,39
Ração para Gatos Whiskas Adulto Frango 900g;R$20,99
Dipirona Gotas Uso Veterinário com 20ml;R$16,69
Effipro Spray para Cães e Gatos 100ml;R$62,99
Ração para Cães Dog Chow Extra Life Adultos Médios e Gran...;R$15,89
Brinquedo Veterinário Pet Injet Play Halter Rosa;R$8,59
Crema 6A para Cães, Gatos e Equinos Uso Veterinário com 30g;R$68,79
Bebedouro Portátil Sanremo Pet Azul 330ml;R$10,19
